{
  "video": "IMG_6665",
  "resolution": [
    1920,
    1080
  ],
  "fps": 60.0,
  "total_frames": 47293,
  "best_frame": 19857,
  "corners": {
    "top_left": [
      2,
      325
    ],
    "top_right": [
      1596,
      481
    ],
    "bottom_left": [
      322,
      884
    ],
    "bottom_right": [
      1606,
      880
    ]
  },
  "num_intersections": 70,
  "num_horizontal_lines": 20,
  "num_vertical_lines": 4,
  "homography": [
    [
      0.004187781554023456,
      -0.0010896292915594365,
      -3.4528534913163362
    ],
    [
      0.0015821826260723974,
      -0.036381813076725236,
      22.792116354818187
    ],
    [
      -0.00014339488034660554,
      -0.00023569470110176442,
      1.0
    ]
  ]
}