{
  "video": "IMG_0864",
  "resolution": [
    1920,
    1080
  ],
  "fps": 60.0,
  "total_frames": 13570,
  "best_frame": 4338,
  "corners": {
    "top_left": [
      32,
      126
    ],
    "top_right": [
      1651,
      12
    ],
    "bottom_left": [
      31,
      615
    ],
    "bottom_right": [
      1639,
      568
    ]
  },
  "num_intersections": 154,
  "num_horizontal_lines": 22,
  "num_vertical_lines": 7,
  "homography": [
    [
      0.00544061641943664,
      6.091863221377351e-05,
      -4.301583370620441
    ],
    [
      -0.00241477729856632,
      -0.04852733144776991,
      18.090603763226035
    ],
    [
      8.348630754852206e-05,
      -1.1929545968456685e-05,
      1.0
    ]
  ]
}