{
  "video": "IMG_6703",
  "resolution": [
    1920,
    1080
  ],
  "fps": 60.0,
  "total_frames": 73903,
  "best_frame": 22170,
  "corners": {
    "top_left": [
      78,
      93
    ],
    "top_right": [
      1608,
      71
    ],
    "bottom_left": [
      92,
      515
    ],
    "bottom_right": [
      1595,
      515
    ]
  },
  "num_intersections": 64,
  "num_horizontal_lines": 16,
  "num_vertical_lines": 4,
  "homography": [
    [
      0.00551196853035565,
      -1.5032953515461956e-05,
      -4.538231978669862
    ],
    [
      -0.0003972841474099162,
      -0.05575651808640389,
      17.086027586328413
    ],
    [
      3.3427357152629456e-05,
      -4.1893550371329444e-05,
      1.0
    ]
  ]
}