{
  "video": "IMG_0864",
  "resolution": [
    1920,
    1080
  ],
  "fps": 60.0,
  "total_frames": 13570,
  "best_frame": 1899,
  "corners": {
    "top_left": [
      32,
      228
    ],
    "top_right": [
      1623,
      355
    ],
    "bottom_left": [
      39,
      609
    ],
    "bottom_right": [
      1623,
      580
    ]
  },
  "num_intersections": 48,
  "num_horizontal_lines": 12,
  "num_vertical_lines": 4,
  "homography": [
    [
      0.004075713630248522,
      -2.7822456082869038e-05,
      -4.199230269590765
    ],
    [
      0.0018933057370668215,
      -0.06168316306737096,
      25.773083708756364
    ],
    [
      -0.00025444486319238974,
      -6.761229071784505e-06,
      1.0
    ]
  ]
}