{
  "video": "IMG_0991",
  "resolution": [
    1920,
    1080
  ],
  "fps": 60.0,
  "total_frames": 36792,
  "best_frame": 4320,
  "corners": {
    "top_left": [
      187,
      306
    ],
    "top_right": [
      1873,
      74
    ],
    "bottom_left": [
      187,
      553
    ],
    "bottom_right": [
      1858,
      540
    ]
  },
  "num_intersections": 132,
  "num_horizontal_lines": 22,
  "num_vertical_lines": 6,
  "homography": [
    [
      0.007769294288898898,
      8.690091985717678e-05,
      -6.011019840740514
    ],
    [
      -0.0076691114828471175,
      -0.10572589082622842,
      46.87439103187566
    ],
    [
      0.0005759053706571369,
      -2.111808619458489e-05,
      1.0
    ]
  ]
}